block_id,sub_block_id,aic_time(us),aic_total_cycles,aic_l1_read_bw(GB/s),aic_l1_write_bw(GB/s),aic_main_mem_read_bw(GB/s),aic_main_mem_write_bw(GB/s),aic_mte1_instructions,aic_mte1_ratio,aic_mte2_instructions,aic_mte2_ratio,aic_mte3_instructions,aic_mte3_ratio,aiv_time(us),aiv_total_cycles,aiv_ub_to_gm_bw(GB/s),aiv_gm_to_ub_bw(GB/s),aiv_main_mem_read_bw(GB/s),aiv_main_mem_write_bw(GB/s),aiv_mte2_instructions,aiv_mte2_ratio,aiv_mte3_instructions,aiv_mte3_ratio,read_main_memory_datas(KB),write_main_memory_datas(KB),GM_to_L1_datas(KB),GM_to_L1_bw_usage_rate(%),L1_to_GM_datas(KB)(estimate),L1_to_GM_bw_usage_rate(%)(estimate),L0C_to_L1_datas(KB),L0C_to_L1_bw_usage_rate(%),L0C_to_GM_datas(KB),L0C_to_GM_bw_usage_rate(%),GM_to_UB_datas(KB),GM_to_UB_bw_usage_rate(%),UB_to_GM_datas(KB),UB_to_GM_bw_usage_rate(%),
0,cube0,249.646118,449363,4.297617,4.297617,5.764060,7.646417,503,0.043406,752,0.988370,1,0.000004,N/A,N/A,N/A,N/A,N/A,N/A,N/A,N/A,N/A,N/A,1508.875000,2001.625000,1125.000000,1.627885,6.500000,0.012478,0.000000,0.000000,2000.000000,3.655603,N/A,N/A,N/A,N/A,
1,cube0,207.706116,373871,4.318268,4.318268,5.782370,7.684382,421,0.043617,629,0.984321,1,0.000005,N/A,N/A,N/A,N/A,N/A,N/A,N/A,N/A,N/A,N/A,1259.375000,1673.625000,940.500000,1.635707,6.500000,0.014997,0.000000,0.000000,1672.000000,3.673168,N/A,N/A,N/A,N/A,
2,cube0,268.241669,482835,4.367662,4.367662,5.856880,7.770510,549,0.044112,821,0.991767,1,0.000004,N/A,N/A,N/A,N/A,N/A,N/A,N/A,N/A,N/A,N/A,1647.375000,2185.625000,1228.500000,1.654417,6.500000,0.011613,0.000000,0.000000,2184.000000,3.715183,N/A,N/A,N/A,N/A,
3,cube0,259.165009,466497,4.388156,4.388156,5.873874,7.807147,533,0.044320,797,0.991190,1,0.000004,N/A,N/A,N/A,N/A,N/A,N/A,N/A,N/A,N/A,N/A,1596.250000,2121.625000,1192.500000,1.662180,6.500000,0.012019,0.000000,0.000000,2120.000000,3.732616,N/A,N/A,N/A,N/A,
4,cube0,279.989441,503981,4.337679,4.337679,5.805711,7.716964,569,0.043809,851,0.988767,1,0.000004,N/A,N/A,N/A,N/A,N/A,N/A,N/A,N/A,N/A,N/A,1704.500000,2265.625000,1273.500000,1.643060,6.500000,0.011125,0.000000,0.000000,2264.000000,3.689679,N/A,N/A,N/A,N/A,
5,cube0,201.874451,363374,4.336720,4.336720,5.807685,7.717402,411,0.043803,614,0.983185,1,0.000006,N/A,N/A,N/A,N/A,N/A,N/A,N/A,N/A,N/A,N/A,1229.375000,1633.625000,918.000000,1.642697,6.500000,0.015430,0.000000,0.000000,1632.000000,3.688864,N/A,N/A,N/A,N/A,
6,cube0,200.920563,361657,4.271872,4.271872,5.720748,7.602152,403,0.043149,602,0.982091,1,0.000006,N/A,N/A,N/A,N/A,N/A,N/A,N/A,N/A,N/A,N/A,1205.250000,1601.625000,900.000000,1.618133,6.500000,0.015504,0.000000,0.000000,1600.000000,3.633703,N/A,N/A,N/A,N/A,
7,cube0,173.209442,311777,4.360675,4.360675,5.841074,7.761258,355,0.044048,530,0.980499,1,0.000006,N/A,N/A,N/A,N/A,N/A,N/A,N/A,N/A,N/A,N/A,1060.875000,1409.625000,792.000000,1.651771,6.500000,0.017984,0.000000,0.000000,1408.000000,3.709240,N/A,N/A,N/A,N/A,
8,cube0,171.585556,308854,4.376934,4.376934,5.863701,7.790246,353,0.044212,527,0.979838,1,0.000006,N/A,N/A,N/A,N/A,N/A,N/A,N/A,N/A,N/A,N/A,1055.000000,1401.625000,787.500000,1.657929,6.500000,0.018154,0.000000,0.000000,1400.000000,3.723069,N/A,N/A,N/A,N/A,
9,cube0,220.533340,396960,4.300615,4.300615,5.757938,7.652565,445,0.043438,665,0.983943,1,0.000005,N/A,N/A,N/A,N/A,N/A,N/A,N/A,N/A,N/A,N/A,1331.500000,1769.625000,994.500000,1.629021,6.500000,0.014125,0.000000,0.000000,1768.000000,3.658153,N/A,N/A,N/A,N/A,
10,cube0,269.736664,485526,4.375275,4.375275,5.856239,7.784011,553,0.044189,827,0.991636,1,0.000004,N/A,N/A,N/A,N/A,N/A,N/A,N/A,N/A,N/A,N/A,1656.375000,2201.625000,1237.500000,1.657301,6.500000,0.011548,0.000000,0.000000,2200.000000,3.721658,N/A,N/A,N/A,N/A,
11,cube0,243.020004,437436,4.414795,4.414795,5.910430,7.854902,503,0.044589,752,0.989804,1,0.000005,N/A,N/A,N/A,N/A,N/A,N/A,N/A,N/A,N/A,N/A,1506.125000,2001.625000,1125.000000,1.672271,6.500000,0.012818,0.000000,0.000000,2000.000000,3.755275,N/A,N/A,N/A,N/A,
12,cube0,262.057770,471704,4.339717,4.339717,5.809034,7.720966,533,0.043830,797,0.988643,1,0.000004,N/A,N/A,N/A,N/A,N/A,N/A,N/A,N/A,N/A,N/A,1596.250000,2121.625000,1192.500000,1.643832,6.500000,0.011887,0.000000,0.000000,2120.000000,3.691413,N/A,N/A,N/A,N/A,
13,cube0,273.348328,492027,4.364565,4.364565,5.842098,7.764896,559,0.044081,836,0.990944,1,0.000004,N/A,N/A,N/A,N/A,N/A,N/A,N/A,N/A,N/A,N/A,1674.500000,2225.625000,1251.000000,1.653244,6.500000,0.011396,0.000000,0.000000,2224.000000,3.712549,N/A,N/A,N/A,N/A,
14,cube0,263.397217,474115,4.382821,4.382821,5.867295,7.797565,541,0.044266,809,0.989616,1,0.000004,N/A,N/A,N/A,N/A,N/A,N/A,N/A,N/A,N/A,N/A,1620.500000,2153.625000,1210.500000,1.660159,6.500000,0.011826,0.000000,0.000000,2152.000000,3.728077,N/A,N/A,N/A,N/A,
15,cube0,300.072784,540131,4.362001,4.362001,5.837852,7.759834,613,0.044054,917,0.991247,1,0.000004,N/A,N/A,N/A,N/A,N/A,N/A,N/A,N/A,N/A,N/A,1836.875000,2441.625000,1372.500000,1.652273,6.500000,0.010381,0.000000,0.000000,2440.000000,3.710368,N/A,N/A,N/A,N/A,
16,cube0,300.515015,540927,4.398425,4.398425,5.886384,7.824578,619,0.044422,926,0.990631,1,0.000004,N/A,N/A,N/A,N/A,N/A,N/A,N/A,N/A,N/A,N/A,1854.875000,2465.625000,1386.000000,1.666070,6.500000,0.010366,0.000000,0.000000,2464.000000,3.741350,N/A,N/A,N/A,N/A,
17,cube0,311.307770,560354,4.342434,4.342434,5.811738,7.724861,633,0.043856,947,0.991197,1,0.000004,N/A,N/A,N/A,N/A,N/A,N/A,N/A,N/A,N/A,N/A,1897.125000,2521.625000,1417.500000,1.644861,6.500000,0.010006,0.000000,0.000000,2520.000000,3.693723,N/A,N/A,N/A,N/A,
18,cube0,337.085541,606754,4.379564,4.379564,5.860991,7.790490,691,0.044230,1034,0.991067,1,0.000003,N/A,N/A,N/A,N/A,N/A,N/A,N/A,N/A,N/A,N/A,2071.625000,2753.625000,1548.000000,1.658926,6.500000,0.009241,0.000000,0.000000,2752.000000,3.725307,N/A,N/A,N/A,N/A,
19,cube0,348.046112,626483,4.340287,4.340287,5.807943,7.720519,707,0.043834,1058,0.992217,1,0.000003,N/A,N/A,N/A,N/A,N/A,N/A,N/A,N/A,N/A,N/A,2119.625000,2817.625000,1584.000000,1.644048,6.500000,0.008950,0.000000,0.000000,2816.000000,3.691898,N/A,N/A,N/A,N/A,
20,cube0,23.107222,41593,3.714453,3.714453,5.050624,6.670538,43,0.037627,62,0.878754,1,0.000048,N/A,N/A,N/A,N/A,N/A,N/A,N/A,N/A,N/A,N/A,122.375000,161.625000,90.000000,1.406990,6.500000,0.134807,0.000000,0.000000,160.000000,3.159556,N/A,N/A,N/A,N/A,
21,cube0,155.670563,280207,4.300616,4.300616,5.763255,7.655495,315,0.043443,470,0.980404,1,0.000007,N/A,N/A,N/A,N/A,N/A,N/A,N/A,N/A,N/A,N/A,940.750000,1249.625000,702.000000,1.629021,6.500000,0.020010,0.000000,0.000000,1248.000000,3.658153,N/A,N/A,N/A,N/A,
22,cube0,295.070557,531127,4.377773,4.377773,5.858846,7.787960,605,0.044214,905,0.989264,1,0.000004,N/A,N/A,N/A,N/A,N/A,N/A,N/A,N/A,N/A,N/A,1812.750000,2409.625000,1354.500000,1.658247,6.500000,0.010557,0.000000,0.000000,2408.000000,3.723783,N/A,N/A,N/A,N/A,
23,cube0,412.345551,742222,4.381607,4.381607,5.862379,7.793282,845,0.044250,1265,0.993193,1,0.000003,N/A,N/A,N/A,N/A,N/A,N/A,N/A,N/A,N/A,N/A,2534.750000,3369.625000,1894.500000,1.659699,6.500000,0.007554,0.000000,0.000000,3368.000000,3.727044,N/A,N/A,N/A,N/A,
