block_id,sub_block_id,aic_time(us),aic_total_cycles,aic_cube_time(us),aic_cube_ratio,aic_scalar_time(us),aic_scalar_ratio,aic_mte1_time(us),aic_mte1_ratio,aic_mte2_time(us),aic_mte2_ratio,aic_mte3_time(us),aic_mte3_ratio,aic_fixpipe_time(us),aic_fixpipe_ratio,aic_icache_miss_rate,aiv_time(us),aiv_total_cycles,aiv_vec_time(us),aiv_vec_ratio,aiv_scalar_time(us),aiv_scalar_ratio,aiv_mte2_time(us),aiv_mte2_ratio,aiv_mte3_time(us),aiv_mte3_ratio,aiv_icache_miss_rate,
0,cube0,249.646118,449363,7.083333,0.028373,112.208336,0.449470,10.836111,0.043406,246.742783,0.988370,0.001111,0.000004,67.462776,0.270234,0.000000,N/A,N/A,N/A,N/A,N/A,N/A,N/A,N/A,N/A,N/A,N/A,
1,cube0,207.706116,373871,5.921667,0.028510,93.521111,0.450257,9.059444,0.043617,204.449448,0.984321,0.001111,0.000005,59.089443,0.284486,0.000000,N/A,N/A,N/A,N/A,N/A,N/A,N/A,N/A,N/A,N/A,N/A,
2,cube0,268.241669,482835,7.735000,0.028836,121.702225,0.453704,11.832778,0.044112,266.033325,0.991767,0.001111,0.000004,69.599442,0.259465,0.000000,N/A,N/A,N/A,N/A,N/A,N/A,N/A,N/A,N/A,N/A,N/A,
3,cube0,259.165009,466497,7.508333,0.028971,116.544998,0.449694,11.486111,0.044320,256.881653,0.991190,0.001111,0.000004,68.421669,0.264008,0.000000,N/A,N/A,N/A,N/A,N/A,N/A,N/A,N/A,N/A,N/A,N/A,
4,cube0,279.989441,503981,8.018333,0.028638,125.173889,0.447066,12.266111,0.043809,276.844452,0.988767,0.001111,0.000004,67.500557,0.241083,0.000000,N/A,N/A,N/A,N/A,N/A,N/A,N/A,N/A,N/A,N/A,N/A,
5,cube0,201.874451,363374,5.780000,0.028632,91.084999,0.451196,8.842778,0.043803,198.479996,0.983185,0.001111,0.000006,50.801109,0.251647,0.000000,N/A,N/A,N/A,N/A,N/A,N/A,N/A,N/A,N/A,N/A,N/A,
6,cube0,200.920563,361657,5.666667,0.028204,89.523888,0.445569,8.669444,0.043149,197.322220,0.982091,0.001111,0.000006,51.524445,0.256442,0.000000,N/A,N/A,N/A,N/A,N/A,N/A,N/A,N/A,N/A,N/A,N/A,
7,cube0,173.209442,311777,4.986667,0.028790,79.043892,0.456349,7.629445,0.044048,169.831665,0.980499,0.001111,0.000006,46.521111,0.268583,0.000000,N/A,N/A,N/A,N/A,N/A,N/A,N/A,N/A,N/A,N/A,N/A,
8,cube0,171.585556,308854,4.958333,0.028897,78.239998,0.455982,7.586111,0.044212,168.126114,0.979838,0.001111,0.000006,46.438332,0.270642,0.000000,N/A,N/A,N/A,N/A,N/A,N/A,N/A,N/A,N/A,N/A,N/A,
9,cube0,220.533340,396960,6.261667,0.028393,98.271111,0.445607,9.579445,0.043438,216.992218,0.983943,0.001111,0.000005,52.744446,0.239168,0.000000,N/A,N/A,N/A,N/A,N/A,N/A,N/A,N/A,N/A,N/A,N/A,
10,cube0,269.736664,485526,7.791667,0.028886,120.370552,0.446252,11.919444,0.044189,267.480560,0.991636,0.001111,0.000004,65.614441,0.243254,0.000000,N/A,N/A,N/A,N/A,N/A,N/A,N/A,N/A,N/A,N/A,N/A,
11,cube0,243.020004,437436,7.083333,0.029147,109.969444,0.452512,10.836111,0.044589,240.542221,0.989804,0.001111,0.000005,64.640556,0.265989,0.000000,N/A,N/A,N/A,N/A,N/A,N/A,N/A,N/A,N/A,N/A,N/A,
12,cube0,262.057770,471704,7.508333,0.028651,116.746109,0.445498,11.486111,0.043830,259.081665,0.988643,0.001111,0.000004,68.405556,0.261032,0.000000,N/A,N/A,N/A,N/A,N/A,N/A,N/A,N/A,N/A,N/A,N/A,
13,cube0,273.348328,492027,7.876667,0.028815,121.923889,0.446039,12.049444,0.044081,270.872772,0.990944,0.001111,0.000004,77.363892,0.283023,0.000000,N/A,N/A,N/A,N/A,N/A,N/A,N/A,N/A,N/A,N/A,N/A,
14,cube0,263.397217,474115,7.621666,0.028936,118.905556,0.451431,11.659445,0.044266,260.662231,0.989616,0.001111,0.000004,71.186668,0.270264,0.000000,N/A,N/A,N/A,N/A,N/A,N/A,N/A,N/A,N/A,N/A,N/A,
15,cube0,300.072784,540131,8.641666,0.028799,133.827774,0.445984,13.219444,0.044054,297.446106,0.991247,0.001111,0.000004,74.412224,0.247981,0.000000,N/A,N/A,N/A,N/A,N/A,N/A,N/A,N/A,N/A,N/A,N/A,
16,cube0,300.515015,540927,8.726666,0.029039,135.392776,0.450536,13.349444,0.044422,297.699432,0.990631,0.001111,0.000004,76.677780,0.255155,0.000000,N/A,N/A,N/A,N/A,N/A,N/A,N/A,N/A,N/A,N/A,N/A,
17,cube0,311.307770,560354,8.925000,0.028669,138.701111,0.445543,13.652778,0.043856,308.567230,0.991197,0.001111,0.000004,83.040001,0.266746,0.000000,N/A,N/A,N/A,N/A,N/A,N/A,N/A,N/A,N/A,N/A,N/A,
18,cube0,337.085541,606754,9.746667,0.028915,151.527771,0.449523,14.909445,0.044230,334.074432,0.991067,0.001111,0.000003,92.471664,0.274327,0.000000,N/A,N/A,N/A,N/A,N/A,N/A,N/A,N/A,N/A,N/A,N/A,
19,cube0,348.046112,626483,9.973333,0.028655,155.339447,0.446319,15.256111,0.043834,345.337219,0.992217,0.001111,0.000003,95.673332,0.274887,0.000000,N/A,N/A,N/A,N/A,N/A,N/A,N/A,N/A,N/A,N/A,N/A,
20,cube0,23.107222,41593,0.566667,0.024523,11.112778,0.480922,0.869444,0.037627,20.305555,0.878754,0.001111,0.000048,5.660000,0.244945,0.000000,N/A,N/A,N/A,N/A,N/A,N/A,N/A,N/A,N/A,N/A,N/A,
21,cube0,155.670563,280207,4.420000,0.028393,70.103889,0.450335,6.762778,0.043443,152.619995,0.980404,0.001111,0.000007,42.813889,0.275029,0.000000,N/A,N/A,N/A,N/A,N/A,N/A,N/A,N/A,N/A,N/A,N/A,
22,cube0,295.070557,531127,8.528334,0.028903,132.333328,0.448480,13.046111,0.044214,291.902771,0.989264,0.001111,0.000004,74.642220,0.252964,0.000000,N/A,N/A,N/A,N/A,N/A,N/A,N/A,N/A,N/A,N/A,N/A,
23,cube0,412.345551,742222,11.928333,0.028928,184.804443,0.448179,18.246111,0.044250,409.538879,0.993193,0.001111,0.000003,105.614441,0.256131,0.000000,N/A,N/A,N/A,N/A,N/A,N/A,N/A,N/A,N/A,N/A,N/A,
